model,RMSE,R2
LinearRegression,1656.1735236603902,0.9096863317457158
RandomForest,228.80237532081728,0.9982762953039792
GradientBoosting,203.42160152710042,0.9986375017737654
